voice_0001.wav|おはようございます。今日はいい天気ですね。
voice_0002.wav|こんにちは。お元気ですか。
voice_0003.wav|こんばんは。今日は遅くまでお疲れさまです。
voice_0004.wav|おやすみなさい。また明日会いましょう。
voice_0005.wav|はじめまして。よろしくお願いします。
voice_0006.wav|春になると桜がきれいに咲きます。
voice_0007.wav|夏は海や山で遊ぶのが楽しいです。
voice_0008.wav|秋は紅葉が美しい季節です。
voice_0009.wav|冬はこたつで温まるのが好きです。
voice_0010.wav|雨の日は静かに読書をします。
voice_0011.wav|朝はコーヒーを飲んで目を覚まします。
voice_0012.wav|毎日十分な睡眠をとることが大切です。
voice_0013.wav|散歩は健康にとても良い習慣です。
voice_0014.wav|寝る前にストレッチをしています。
voice_0015.wav|夜は軽い音楽を聴きます。
voice_0016.wav|友達と一緒に映画を見に行きました。
voice_0017.wav|家族で旅行に出かけました。
voice_0018.wav|同僚とランチを食べながら話しました。
voice_0019.wav|久しぶりに親に電話をしました。
voice_0020.wav|先生に質問をしてみました。
voice_0021.wav|寿司が大好きでよく食べます。
voice_0022.wav|カレーは中辛がちょうどいいです。
voice_0023.wav|冷たいそうめんが夏の定番です。
voice_0024.wav|朝ごはんにトーストを食べました。
voice_0025.wav|甘いケーキと紅茶で休憩しました。
voice_0026.wav|新しいプロジェクトが始まりました。
voice_0027.wav|会議で資料を発表しました。
voice_0028.wav|宿題を早めに終わらせました。
voice_0029.wav|読書で新しい知識を学びました。
voice_0030.wav|試験に向けて勉強しています。
voice_0031.wav|駅まで歩いて十五分かかります。
voice_0032.wav|バスに乗って街へ行きました。
voice_0033.wav|公園でゆっくりと時間を過ごしました。
voice_0034.wav|山の頂上からの景色は最高でした。
voice_0035.wav|海辺で波の音を聞きました。
voice_0036.wav|ギターを弾くのが趣味です。
voice_0037.wav|旅行先で写真をたくさん撮りました。
voice_0038.wav|囲碁や将棋を楽しみます。
voice_0039.wav|映画館で最新作を観ました。
voice_0040.wav|美術館で絵画を鑑賞しました。
voice_0041.wav|とても嬉しい気持ちになりました。
voice_0042.wav|少し不安な夜を過ごしました。
voice_0043.wav|驚くほど美しい景色でした。
voice_0044.wav|寂しいときは音楽を聴きます。
voice_0045.wav|誇らしい気持ちでいっぱいです。
voice_0046.wav|スーパーで野菜を買いました。
voice_0047.wav|コンビニで飲み物を買いました。
voice_0048.wav|ネットで本を注文しました。
voice_0049.wav|財布に千円札が三枚入っていました。
voice_0050.wav|バーゲンセールで靴を買いました。
voice_0051.wav|朝のランニングが日課です。
voice_0052.wav|ヨガで体をほぐします。
voice_0053.wav|毎日水を二リットル飲みます。
voice_0054.wav|十分な睡眠を心がけています。
voice_0055.wav|健康診断の結果は良好でした。
voice_0056.wav|森の中で鳥の声を聞きました。
voice_0057.wav|犬と一緒に散歩しました。
voice_0058.wav|猫がひなたで寝ていました。
voice_0059.wav|川の水が透き通っていました。
voice_0060.wav|夜空に星が輝いていました。
voice_0061.wav|お正月にはおせちを食べます。
voice_0062.wav|花見でお弁当を広げました。
voice_0063.wav|夏祭りで花火を見ました。
voice_0064.wav|ハロウィンで仮装をしました。
voice_0065.wav|クリスマスにケーキを食べました。
voice_0066.wav|明日は早起きしようと思います。
voice_0067.wav|来年は海外旅行を計画しています。
voice_0068.wav|新しい趣味を始めたいです。
voice_0069.wav|もっと運動をするつもりです。
voice_0070.wav|大きな目標に向かって進みます。
voice_0071.wav|その話はとても面白いですね。
voice_0072.wav|手伝ってくれてありがとうございます。
voice_0073.wav|申し訳ありませんが、できません。
voice_0074.wav|これはとても助かります。
voice_0075.wav|ぜひまた会いましょう。
voice_0076.wav|おはよう。
voice_0077.wav|ありがとう。
voice_0078.wav|すみません。
voice_0079.wav|こんにちは。
voice_0080.wav|おやすみ。
voice_0081.wav|はい。
voice_0082.wav|いいえ。
voice_0083.wav|そうですね。
voice_0084.wav|わかりました。
voice_0085.wav|どういたしまして。
voice_0086.wav|一月はとても寒いです。
voice_0087.wav|二月は雪が降ります。
voice_0088.wav|三月に卒業します。
voice_0089.wav|四月に入学します。
voice_0090.wav|五月は新緑がきれいです。
voice_0091.wav|六月は梅雨の時期です。
voice_0092.wav|七月に海へ行きます。
voice_0093.wav|八月に花火大会があります。
voice_0094.wav|九月は涼しくなります。
voice_0095.wav|十月に運動会があります。
voice_0096.wav|十一月は紅葉が見頃です。
voice_0097.wav|十二月にクリスマスがあります。
